Title;Abstract;Date;Article Link;Journal;Qualis Classification;Journal Link
Assédio e o jornalismo de jogos no Brasil: um olhar sobre o review de Cuphead e o caso Xbox News;"<p><span style=""font-weight: 400;"">O jornalismo de jogos é uma área do jornalismo cultural que aborda a indústria de jogos digitais, tendo evoluído desde os anos 1970 com revistas especializadas até o atual cenário on-line e de redes sociais. Jornalistas mulheres dessa área frequentemente enfrentam desafios, incluindo assédio e difamação por parte da audiência. Este estudo foca em dois casos de assédio direcionados à jornalistas brasileiras: Isadora Basile, ex-apresentadora da </span><em><span style=""font-weight: 400;"">Xbox News</span></em><span style=""font-weight: 400;"">, demitida após sofrer assédio on-line, e Bruna Penilhas, criticada por supostamente não jogar </span><em><span style=""font-weight: 400;"">Cuphead</span></em><span style=""font-weight: 400;""> antes de analisá-lo. Ambos os casos refletem desafios maiores enfrentados por jornalistas de jogos no Brasil, um país distante dos grandes polos de desenvolvimento de jogos, que depende de coberturas estrangeiras. O estudo adota uma metodologia de estudo de casos múltiplos, analisando a cobertura jornalística dos eventos e discutindo a interação entre jornalistas e suas comunidades de fãs. Esses conflitos são enquadrados dentro de uma cultura mais ampla de fanatismo e assédio on-line, ilustrando desafios éticos e sociais no jornalismo de jogos.</span></p>";30/04/2025;https://periodicos.ufjf.br/index.php/lumina/article/view/44698;LUMINA;A4;https://periodicos.ufjf.br/index.php/lumina
Aqueles que dizem sim: reflexões brechtianas em práticas docentes de duas professoras e um professor;"<p style=""font-weight: 400;"">Este artigo analisa experiências artístico-pedagógicas com o Teatro Épico de Bertolt Brecht. O distanciamento crítico e o estranhamento estético são conceitos centrais em sua obra. O estudo dessas noções fomentou a produção de um vídeo didático, a reflexão sobre elementos brechtianos em uma montagem universitária de teatro musicado e a realização e avaliação de uma oficina-aula que propunha a fricção de uma de suas peças didáticas com jogos do Teatro do Oprimido, de Augusto Boal. As reverberações da obra de Brecht nas práticas docentes são fundamentais para a transformação social e a formação crítica dos estudantes, destacando a importância do teatro como ferramenta de reflexão e mudança. </p>";28/04/2025;https://www.revistas.udesc.br/index.php/urdimento/article/view/26835;URDIMENTO;A1;https://www.revistas.udesc.br/index.php/urdimento/index
O jogo como ativador de estado de composição em dança;"<p style=""font-weight: 400;"">Reflete sobre a improvisação na dança, mais especificamente o jogo como a efetivação de um estado de corpo que dança habilitado para criar. Aborda a natureza do Jogo como um aspecto da cultura em suas mais variadas formas. A improvisação a que nos referimos aqui emerge do contexto da dança pós-moderna e se dissemina com ampla gama de possibilidades metodológicas, constitui-se como processo de composição para gerar material coreográfico como acontecimento em dança e ou, ainda, como proposta de performance de composição em tempo real. Pondera sobre a função do coreógrafo e ou diretor a partir de abordagens de criação de cena.</p>";28/04/2025;https://www.revistas.udesc.br/index.php/urdimento/article/view/26284;URDIMENTO;A1;https://www.revistas.udesc.br/index.php/urdimento/index
Prevenção da violência em crianças e adolescentes: desenvolvimento e validação de um jogo educativo;"<p>Objetivo: Desenvolver e validar um jogo educativo direcionado para a prevenção da violência em crianças e adolescentes. <br />Método: Trata-se de uma pesquisa metodológica aplicada, realizada entre abril e agosto de 2023. Para o desenvolvimento do jogo, inicialmente, foram realizadas duas oficinas com 19 crianças e adolescentes, com idades entre dez e 14 anos, participantes de um projeto social emuma comunidade de uma cidade de médio porte do Centro-Oeste paulista. As oficinas iniciaram-se com a exibição do curta-metragem LOU (Disney Pixar®), seguidas de atividades expressivas, como desenhos e escrita, além de uma discussão em grupo sobre o tema abordado. O jogo foi desenvolvido por um grupo de pesquisa composto por estudantes de graduação e pós-graduação, com base nos dados coletados em oficinas realizadas com o público-alvo e narevisão da literatura da área. Esse processo destacou os diferentes tipos de violência, reflexões e experiências compartilhadas pelos participantes, que contribuíram diretamente para a definição das regras, personagens, narrativa, dinâmica e conteúdo do jogo. A validação ocorreu com a participação de 12 juízes especialistas, e o índice de validação de conteúdo foi utilizado para medir a concordância entre os avaliadores.<br />Resultados: O jogo de cartas intitulado “Pazear: por um mundo sem violência” foi desenvolvido e validado, alcançando Índice de Validação de Conteúdo de 0,99 na segunda rodada de validação, indicando significativa concordância entre os juízes. <br />Conclusão: O jogo educativo foi considerado validado por juízes experts e mostrou-se uma ferramenta interativa e envolvente, com potencial para prevenir a violência em crianças e adolescentes. <br />Descritores: Violência; Educação em Saúde; Criança; Adolescente; Jogos e Brinquedos; Atenção Integral à Saúde da Criança e do Adolescente.</p>";27/04/2025;https://seer.ufrgs.br/index.php/rgenf/article/view/147138;REVISTA GAÚCHA DE ENFERMAGEM (ONLINE);A3;https://seer.ufrgs.br/rgenf
A INFLUÊNCIA DO ATLETISMO NA EDUCAÇÃO BÁSICA: SUBSÍDIOS CIENTÍFICOS E CONTRIBUIÇÕES PEDAGÓGICAS.;"<p><strong>RESUMO</strong><br />O atletismo, como conteúdo da Educação Física escolar, possui um papel significativo na formação integral dos estudantes da Educação Básica, contribuindo para o desenvolvimento físico, cognitivo, afetivo e social. Este estudo analisa a influência do atletismo nesse contexto, destacando subsídios científicos que demonstram seus benefícios no aprimoramento das habilidades motoras, no bem-estar psicológico e na promoção de vínculos sociais positivos. A prática regular do atletismo estimula competências motoras fundamentais e pode atender a necessidades psicológicas básicas, como a autonomia e o senso de competência. Além disso, sua abordagem lúdica, quando aliada a metodologias eficazes, favorece o engajamento estudantil e amplia o repertório motor dos alunos, contribuindo para um ensino mais inclusivo e significativo. Apesar disso, o atletismo ainda é subutilizado nas escolas, em razão de obstáculos estruturais e pedagógicos. Diante disso, ressalta-se a importância da formação docente e da valorização de práticas corporais contextualizadas, que integrem o esporte à construção do conhecimento e da cidadania.&nbsp;</p> <p><strong>Palavra-chave:</strong> Atletismo. Educação Física. Educação Básica. Desenvolvimento Motor.<br />Ensino Lúdico. Inclusão Escolar.<br /><br /><strong>ABSTRACT</strong><br />Athletics, as a subject of Physical Education in schools, plays a significant role in the comprehensive education of students in Basic Education, contributing to their physical, cognitive, emotional and social development. This study analyzes the influence of athletics in this context, highlighting scientific evidence that demonstrates its benefits in improving motor skills, psychological well-being and promoting positive social bonds. Regular practice of athletics stimulates fundamental motor skills and can meet basic psychological needs, such as autonomy and a sense of competence. In addition, its playful approach, when combined with effective methodologies, favors student engagement and expands students' motor repertoire, contributing to more inclusive and meaningful teaching. Despite this, athletics is still underutilized in schools due to structural and pedagogical obstacles. In view of this, the importance of teacher training and the appreciation of contextualized physical practices that integrate sports with the construction of knowledge and citizenship is highlighted.</p> <p><br /><strong>Keyword:</strong> Athletics. Physical Education. Basic Education. Motor Development. Playful<br />Teaching. School Inclusion.</p>";26/04/2025;https://www.periodicos.ufam.edu.br/index.php/BIUS/article/view/17931;BOLETIM INFORMATIVO UNIMOTRISAÚDE EM SOCIOGERONTOLOGIA;B3;https://www.periodicos.ufam.edu.br/index.php/BIUS/index
Forced: Perceptions of “Woke” Politics in Video Games;"<p class=""ANAbstract""><span>Through a close analysis of online video game commentary, this article argues that the flashpoint conflict identified as GamerGate levered open a space in mainstream online spaces for highly partisan interpretation of video games. In online spaces such as Reddit and YouTube, semianonymous players and semiprofessional commentators perform lengthy analyses of game content and interpretations of developers’ purported political agendas to identify the embedded meanings that they allege are implanted into video games. These game critics feel that these typically left-leaning, “woke” political perspectives are forced into games as part of an organized campaign driven, in part, by the desire to estrange the “traditional” gamer demographic and to attract investment from capital investment firms.</span></p>";24/04/2025;https://ijoc.org/index.php/ijoc/article/view/23165;INTERNATIONAL JOURNAL OF COMMUNICATION (ONLINE);A1;https://ijoc.org/
Prática pedagógica com a metodologia TEACCH: Desenvolvimento de jogos digitais por pessoas com transtorno do espectro autista com uso do Scratch;"<p>O objetivo deste estudo é descrever uma prática pedagógica realizada, a partir das características da metodologia <em>TEACCH</em>, com sujeitos que apresentam TEA e que desenvolveram jogos digitais utilizando a plataforma <em>Scratch</em>. No que concerne à metodologia, esta pesquisa é de cunho qualitativo, com a participação de dois sujeitos com TEA. Para a coleta de dados, realizou-se a observação dos participantes e a coleta de materiais por eles produzidos. Na interpretação de materiais por eles produzidos foi utilizada a análise temática (Braun; Clarke, 2006). Procurou-se, também, investigar o contexto do cenário dos sujeitos participantes, fomentando as abordagens dos conceitos pertinentes aos conteúdos ensinados. Os principais resultados auxiliaram a entender que os esforços realizados para unir tecnologias e metodologias de aprendizagem destinadas aos sujeitos com TEA podem auxiliar para a formação desses estudantes e resultar em aprendizado com significado (Leite; Rehfeldt; Lopes, 2019), além de avanço nas relações e interações sociais, assim como no processo de desenvolvimento de autonomia. Mesmo com desafios, considerando a particularidade de cada sujeito participante, foi possível evidenciar benefícios proporcionados ao se desenvolver esta prática pedagógica como a expressão criativa, o estímulo ao pensamento lógico, o aprimoramento das habilidades sociais e o engajamento dos participantes no processo de criação de jogos digitais.</p>";23/04/2025;https://www.revistas.unijui.edu.br/index.php/contextoeducacao/article/view/15535;CONTEXTO & EDUCAÇÃO;A2;https://www.revistas.unijui.edu.br/index.php/contextoeducacao
Oops? Interdisciplinary Stories of Sociotechnical Error| Kicking Error Out of the Game: Video Assistant Referee as Technosolutionism;"<p align=""center""> </p><p>The integration of Video Assistant Referee (VAR) technology into professional football (soccer) surfaces concerns about the nature and consequences of errors. VAR is designed to mitigate errors and enhance accuracy by verifying real-time on-field decisions through communication, video review, and automated tracking sensors. As a remedy, VAR attempts to enhance the objectivity of refereeing decisions by implementing a technosolutionist approach. Yet, the failures of VAR have created their own magnitude of error that some claim harms the essence of <em>the beautiful game</em>. Despite VAR’s aim to rectify “clear and obvious errors,” recent controversies highlight the subjectivity in characterizing errors. These enduring misjudgments surrounding VAR implementation have shifted the complex sociotechnical dynamics of the sport. In this study, we trace the production and responses of VAR to highlight the politics of “good enough” as technology reconfigures sport without complete error absolution. Given the global implementation of VAR, there is a reckoning for error to exist without the interference of technosolutionism, where joy is meant to be imperfect and not <em>overturned</em> because of technicality.</p>";22/04/2025;https://ijoc.org/index.php/ijoc/article/view/23997;INTERNATIONAL JOURNAL OF COMMUNICATION (ONLINE);A1;https://ijoc.org/
REPRESENTAÇÕES DE GÊNERO EM “MAGIC: THE GATHERING” E PROGRESSOS NA CULTURA DE JOGOS;"Antes de mais nada, uma breve descrição do que é o Magic: um jogo de cards criado em 1993 pelo matemático Richard Garfield, com expansões lançadas cerca de 4 vezes por ano e mais de 17.000 cards únicos já criados. Seu pano de fundo é um Multiverso de mundos fantásticos e mágicos onde jogadores caminham por entre estes planos de existência e duelam contra dois ou mais jogadores utilizando cards de sua coleção (Fornazari, 2014). O jogo tem mais de 20 milhões de fãs no mundo todo e está disponível em 11 línguas.&#8230; <a class=""more-link"" href=""https://revistacontemporartes.net/2025/04/16/representacoes-de-genero-em-magic-the-gathering-e-progressos-na-cultura-de-jogos/"">Leia mais <span class=""screen-reader-text"">REPRESENTAÇÕES DE GÊNERO EM “MAGIC: THE GATHERING” E PROGRESSOS NA CULTURA DE&#160;JOGOS</span></a>";16/04/2025;https://revistacontemporartes.net/2025/04/16/representacoes-de-genero-em-magic-the-gathering-e-progressos-na-cultura-de-jogos/;CONTEMPORARTES: REVISTA SEMANAL DE DIFUSÃO CULTURAL;B3;https://revistacontemporartes.net/
EDUCAÇÃO E SAÚDE: O JOGO NA ABORDAGEM DA EDUCAÇÃO ALIMENTAR E NUTRICIONAL NA EDUCAÇÃO INFANTIL;"<p><span style=""font-weight: 400;"">Este estudo investiga o uso de um jogo como ferramenta pedagógica para promover a Educação Alimentar e Nutricional (EAN) na educação infantil. O objetivo foi avaliar como metodologias lúdicas podem estimular o aprendizado sobre alimentação saudável de maneira interativa e inclusiva. A pesquisa envolveu uma atividade com um jogo educativo adaptado sobre nutrição, aplicada a 11 crianças de 5 anos. Os resultados indicaram que o uso do jogo aumentou o engajamento e facilitou a compreensão dos conceitos nutricionais, promovendo também a cooperação e o desenvolvimento social entre os alunos. A inclusão de crianças com TEA foi bem-sucedida, graças ao suporte personalizado. Concluiu-se que o jogo é uma estratégia eficaz para a promoção de hábitos saudáveis, sendo uma abordagem pedagógica inclusiva e dinâmica.</span></p>";16/04/2025;https://seer.uscs.edu.br/index.php/revista_estudos_aplicados/article/view/9856;REVISTA ESTUDOS APLICADOS EM EDUCAÇÃO;B1;https://seer.uscs.edu.br/index.php/revista_estudos_aplicados
Jogos no ensino e aprendizagem das quatro operações para estudantes surdos;<p>Este artigo apresenta alguns resultados parciais de uma pesquisa de Doutorado em andamento que tem por objetivo desenvolver um jogo digital acessível para estudantes surdos. O recorte dos resultados aqui apresentados discute a aplicação de jogos envolvendo as quatro operações matemáticas com alunos surdos do Centro Estadual de Capacitação de Educadores e Atendimento ao Surdo de Mossoró, no Estado do Rio Grande do Norte (CAS), a fim de observar seu desempenho nas operações de adição, subtração, multiplicação e divisão, além de identificar possíveis obstáculos na aprendizagem. A metodologia utilizada foi uma abordagem qualitativa, com a aplicação de três jogos em dois momentos distintos com alunos do Ensino Fundamental e do Ensino Médio. Concluímos que os jogos contribuem para auxiliar no ensino e na aprendizagem dos alunos surdos, visto que estes utilizam recursos visuais, desenvolvem o raciocínio lógico, incentivam a participação ativa e promovem a inclusão em sala de aula.</p>;15/04/2025;https://ojs.cuadernoseducacion.com/ojs/index.php/ced/article/view/8059;CUADERNOS DE EDUCACIÓN Y DESARROLLO;A4;https://cuadernoseducacion.com/
ESTRATÉGIAS LÚDICAS E PARTICIPATIVAS PARA O DESENVOLVIMENTO DO PROCESSO DA LEITURA E DA ESCRITA NA EDUCAÇÃO INFANTIL.;<p>Este artigo aborda o uso de estratégias lúdicas e participativas como ferramentas para o desenvolvimento da leitura e da escrita na educação infantil. A pesquisa reflete sobre a importância dessas abordagens no processo de aprendizagem, buscando evidências de que o brincar e a interação ativa entre crianças e educadores estimulam o interesse e a compreensão dos conceitos iniciais de leitura e escrita. Através de práticas lúdicas, como jogos, contação de histórias e atividades de escrita criativa, as crianças conseguem se envolver de forma significativa no aprendizado, promovendo uma alfabetização mais efetiva e prazerosa.</p>;14/04/2025;https://revistas.fucamp.edu.br/index.php/cadernos/article/view/3801;CADERNOS DA FUCAMP;A4;https://revistas.fucamp.edu.br/index.php/cadernos
Uma análise do jogo química da memória a partir de quatro funções psicológicas superiores;<p>O ensino de Química costuma focar na memorização de nomes, cálculos e fórmulas, caracterizando uma disciplina monótona, portanto o uso de jogos tem crescido. Da necessidade de implementar uma prática inovadora para a aprendizagem de Química Orgânica foi desenvolvido um jogo didático denominado “Química da memória” que utilizasse o lúdico para abordar os grupos funcionais, com foco em quatro das Funções Psicológicas Superiores (FPS) propostas por Vygotsky, com objetivo de identificá-las no desenvolvimento do jogo, aplicado a uma turma de estudantes do 3° ano do Ensino Médio de uma escola pública do interior de São Paulo. Assim foi possível mobilizar a percepção, a memória, a atenção e a imaginação, visando a melhoria do aprendizado. Tais indícios caracterizaram os resultados que se configuraram como categorias de análise, a partir das respostas dos estudantes, sendo possível apontar que esse recurso didático mobilizou as FPS abordadas, promovendo a compreensão do conteúdo de química</p>;14/04/2025;https://ojs.cuadernoseducacion.com/ojs/index.php/ced/article/view/8027;CUADERNOS DE EDUCACIÓN Y DESARROLLO;A4;https://cuadernoseducacion.com/
A conexão entre desenvolvimento cerebral e habilidades cognitivas: implicações para a educação infantil;<p>Este estudo investigou as implicações do desenvolvimento cerebral para as habilidades cognitivas na educação infantil, com o objetivo de analisar como os conhecimentos da neurociência podem ser aplicados para otimizar o processo de ensino-aprendizagem. A pesquisa foi do tipo bibliográfica, com abordagem qualitativa, e foi realizada por meio da revisão de literatura, com base em artigos, livros e dissertações relevantes na área de neurociência e educação. O estudo revelou que o desenvolvimento cerebral está ligado à plasticidade neuronal, especialmente nos primeiros anos de vida, sendo que ambientes estimulantes e interações sociais desempenham um papel fundamental no desenvolvimento cognitivo das crianças. Além disso, práticas pedagógicas baseadas em neurociência, como o uso de jogos educativos e atividades de resolução de problemas, têm um impacto positivo nas funções cognitivas das crianças. No entanto, as barreiras para a implementação dessas descobertas nas práticas pedagógicas incluem a falta de formação adequada dos educadores e a resistência à adaptação dos currículos escolares. As considerações finais indicaram a necessidade de maior formação docente e de adaptação curricular para integrar os conhecimentos da neurociência na educação infantil. Também foi sugerido que mais pesquisas empíricas sejam realizadas para avaliar a eficácia das práticas pedagógicas baseadas na neurociência.</p>;14/04/2025;https://ojs.cuadernoseducacion.com/ojs/index.php/ced/article/view/8046;CUADERNOS DE EDUCACIÓN Y DESARROLLO;A4;https://cuadernoseducacion.com/
OBJETOS DIGITAIS DE APRENDIZAGEM EM CIÊNCIAS;<p>Os Objetos Digitais de Aprendizagem (ODA) têm transformado o cenário educacional contemporâneo. Este estudo investigou a compreensão e o uso de ODA por professores de Ciências Naturais em escolas estaduais de Lucas do Rio Verde-MT durante o ensino remoto emergencial na pandemia de COVID-19. Com abordagem qualitativa, a pesquisa foi descritiva e exploratória, utilizando revisão de literatura nos repositórios periódicos CAPES, SciELO e PubMed, focando nos últimos cinco anos (2017-2022). Constatou-se que os professores e estudantes foram os públicos mais investigados, e os ODA mais utilizados foram vídeos, jogos digitais, plataformas de ensino, softwares, ferramentas do Google e simuladores. Tecnologias como smartphones, tablets e computadores foram frequentemente mencionadas. Este estudo espera identificar tendências e lacunas na literatura, servindo como referência para futuras pesquisas e reflexões sobre recursos pedagógicos para o ensino de ciências.</p>;13/04/2025;https://periodicos.apps.uern.br/index.php/RECEI/article/view/6351;REVISTA ELETRÔNICA CIENTÍFICA ENSINO INTERDISCIPLINAR;A3;https://periodicos.apps.uern.br/index.php/RECEI/index
Tecnologias assistivas aplicadas à educação matemática inclusiva para estudantes com Transtorno de Espectro Autista nos anos iniciais do ensino fundamental;"<p>A presente pesquisa tem como temática as Tecnologias Assistivas (TA) utilizadas para o ensino de Matemática para estudantes com Transtorno do Espectro Autista (TEA), nos anos iniciais do Ensino Fundamental. Tem-se como objetivo analisar as TA que podem auxiliar no processo de ensino-aprendizagem de Matemática de alunos com TEA nessa etapa da educação. A metodologia adotada foi uma pesquisa bibliográfica, com ênfase em uma revisão da literatura do tipo Metanálise. Esta última foi realizada nos bancos de dados: Scientific Electronic Library Online (SciELO), Portal de Periódicos da Coordenação de Aperfeiçoamento de Pessoal de Nível Superior (CAPES), Biblioteca Digital de Teses e Dissertações (BDTD) e no Google Acadêmico. Aplicou-se um recorte temporal de 2015 a 2022 tendo como critérios de inclusão quatro itens: a) Falar sobre TEA; b) Abordar sobre ensino-aprendizagem de Matemática; c) Tem delimitado os anos iniciais do Ensino Fundamental; d) Traz exemplos de Tecnologias Assistivas. Selecionou-se ao final sete textos, 5 dissertações e 2 artigos, para compor a Metanálise. Como resultados foram encontrados vários tipos de Tecnologias Digitais Assistivas, sendo classificadas em: TA Tecnológicas, TA Metodológicas e TA Pedagógicas. Além disso, identificou-se certa preponderância dos jogos e dos Materiais Adaptados como TA para o ensino de Matemática tanto dentro da sala regular como nas Salas de Recursos Multifuncionais. Conclui-se com esta investigação que, independente do tipo de Tecnologia Assistiva que se opte em utilizar, deve-se antes compreender as necessidades educacionais dos estudantes com TEA e escolher uma TA que vá ao encontro delas.</p>";09/04/2025;https://periodicos.ufmg.br/index.php/textolivre/article/view/56096;TEXTO LIVRE;A1;https://periodicos.ufmg.br/index.php/textolivre
Percepções dos Alunos do EJA Sobre os ODS no CEM Paulo VI – São Luís, MA;"<p>Este projeto teve como objetivo sensibilizar os estudantes do programa de Educação para Jovens e Adultos (EJA) sobre os 17 Objetivos de Desenvolvimento Sustentável (ODS) na escola Centro Educa Mais Paulo VI. Para uma maior didática acerca do tema, foi adotada uma abordagem lúdica e palestras informativas e, para fixação e melhor aprendizado de todos os 17 ODS, foi utilizado o jogo da memória e a proposta da produção de redações dissertativo-argumentativas sobre temáticas atuais que os abordassem. A execução desta atividade extensionista, realizada em parceria entre a Universidade Estadual do Maranhão (UEMA) e o Centro Educa Mais Paulo VI, demonstrou a eficácia na sensibilização dos alunos para compreensão dos ODS que antes eram desconhecidos por eles. Os discentes se mostraram entusiasmados e bastante participativos; o envolvimento nas atividades propiciou a construção de novas habilidades e competências essenciais para a vida acadêmica e os capacitou a compreender, identificar e buscar coletivamente soluções para os desafios complexos estabelecidos na Agenda 2030.</p>";09/04/2025;https://ojs.cuadernoseducacion.com/ojs/index.php/ced/article/view/7967;CUADERNOS DE EDUCACIÓN Y DESARROLLO;A4;https://cuadernoseducacion.com/
REDE INFO+:;<p>Com o avanço tecnológico surgem ferramentas que facilitam diversas atividades cotidianas, refletindo o direito de acesso a<br />serviços básicos. No entanto, sua falta de acesso pode agravar desigualdades sociais e econômicas. Dessa forma, o programa<br />de extensão REDE INFO+ surge como uma iniciativa de promover a inclusão e alfabetização digital na cidade de Alegre, no Espírito Santo, ofertando cursos gratuitos de informática para toda a comunidade, democratizando o acesso à tecnologia e o preparo<br />para oportunidades de emprego, educação e lazer. Para tal, foram criados três projetos, o INFO + Terceira Idade, o INFO + Comunidade e o INFO + Lúdico. O projeto INFO+ Terceira Idade tem como objetivo principal oferecer cursos básicos e desenvolver<br />metodologias de ensino na área de tecnologia para grupos da Terceira Idade. O projeto INFO + Comunidade tem como objetivo<br />atender à comunidade carente, por meio de cursos, buscando promover melhores condições de vida e de trabalho. O INFO +<br />Lúdico abrange as escolas públicas municipais, e tem como objetivo fomentar o conhecimento e a exploração das possibilidades didáticas da informática nos processos de aprendizagem. A rede oferece cursos presenciais em informática básica, com aulas teóricas e práticas, permitindo que os participantes apliquem o conhecimento adquirido em situações reais. O programa conta com a participação de alunos da Universidade Federal do Espírito Santo (UFES) como professores que ministram as aulas e monitores que auxiliam os alunos durante as atividades. Ao final do curso, um certificado de conclusão é entregue aos alunos em<br />uma cerimônia de comemoração. Os resultados são avaliados por meio de questionários e depoimentos de participantes, que<br />relataram melhorias em suas habilidades digitais. Além disso, o programa demonstrou um impacto positivo na autoestima e na<br />inclusão social dos participantes. Assim, a REDE INFO+ destaca-se como uma importante iniciativa de extensão, contribuindo<br />para um futuro mais inclusivo e equitativo, ao possibilitar que indivíduos de diferentes faixas etárias e contextos sociais tenham acesso às ferramentas tecnológicas essenciais para sua inserção no mundo contemporâneo.<br /><br /></p>;07/04/2025;https://periodicos.ufes.br/guara/article/view/44549;REVISTA GUARÁ;B1;https://periodicos.ufes.br/guara
Jogo Sobre dois quadrados;"<p><span style=""font-weight: 400;"">Neste ensaio visual apresento uma série fotográfica de diferentes composições formais de um jogo de montar, pensado como um </span><em><span style=""font-weight: 400;"">dispositivo</span></em><span style=""font-weight: 400;""> pedagógico para arquitetura e artes do espaço. Este trabalho integra minha pesquisa de doutorado em arquitetura, como um desdobramento intersemiótico da obra literária </span><em><span style=""font-weight: 400;"">Sobre Dois quadrados</span></em><span style=""font-weight: 400;""> no qual traduzo personagens como objetos-brinquedo tridimensionais para estudo criativo e desenvolvimento de consciência espacial.</span></p>";30/06/2025;https://seer.ufrgs.br/index.php/RevistaValise/article/view/146345;REVISTA VALISE;A3;https://seer.ufrgs.br/revistaValise
Edusaúde: mídia social, saúde, educação;<p>Objetiva-se descrever a produção, validação e divulgação de recursos educacionais para adolescentes sob a temática qualidade de vida e saúde mental, na perspectiva de um estudo metodológico. A produção dos recursos, realizada entre outubro de 2019 e novembro de 2021, foi orientada por um manual de padronização para a confecção de fôlder, cartilha/livreto, jogos, dinâmicas, músicas/paródias e vídeos. Os temas dos recursos relacionaram-se às estratégias de enfrentamento ao sofrimento mental ou psíquico, cujo conteúdo foi subsidiado por artigos científicos, materiais do Ministério Público, do Ministério da Saúde e do Ministério da Educação. A complexidade da ação evidenciou a necessidade de uma equipe multidisciplinar e multiprofissional, com conhecimentos relacionados a recursos educacionais, desde a reflexão sobre o conteúdo, passando por sua divulgação em mídias sociais, até a manutenção de um perfil ativo e engajador de tais mídias. Dessa forma, foi possível desenvolver, de maneira rápida, conteúdos críticos e contextualizados, tendo sido uma experiência enriquecedora.</p>;30/06/2025;https://www.reciis.icict.fiocruz.br/index.php/reciis/article/view/4358;RECIIS;B2;https://www.reciis.icict.fiocruz.br/
MPS Manager: A Serious Game to Enhance Teaching on Software Development Process Quality;"<div class=""first para"" id=""idm66"">Modern software companies prioritize high-quality products for competitiveness, and Software Process Improvement (SPI) models help achieve this. In Brazil, the Brazilian Software Process Improvement Model (MPS-SW model) is widely used, but its complexity and extensive documentation make it challenging to teach in undergraduate courses. To address the lack of students engagement to learn SPI, we developed the MPS Manager, a serious game that incorporates gamification to facilitate learning about the MPS-SW model. The game was evaluated in four Software Engineering courses across three universities with 83 students. Using the Model for the Evaluation of Educational GAmes (MEEGA+) method, students assessed the game across dimensions such as usability, confidence, and learning, with 55% overall agreement. Further analysis explored correlations between satisfaction and factors like gender, gaming experience, and course format (i.e., virtual or in-person). Feedback from students highlighted the need for improved engagement, social interaction, and reduced gameplay monotony, which will guide future game enhancements.</div>
<a href=""https://infedu.vu.lt/journal/INFEDU/article/807/file/pdf"">PDF</a>&nbsp;&nbsp;<a href=""https://infedu.vu.lt/journal/INFEDU/article/807/file/xml"">XML</a>";29/06/2025;https://infedu.vu.lt/journal/INFEDU/article/807;INFORMATICS IN EDUCATION;A1;https://infedu.vu.lt/
Transmídia storytelling: midialidade, crescimento, narrativa e o storytelling de um herói através das mídias;<p>O fenômeno do <em>storytelling</em> transmidiático tem se consolidado como uma prática relevante na expansão de universos ficcionais, por meio da integração de distintas linguagens e suportes midiáticos. Esse processo implica a transferência e a adaptação de elementos narrativos entre diferentes mídias, proporcionando ao público uma experiência narrativa complexa, imersiva e multifacetada. Este artigo propõe uma análise do crescimento e das implicações do <em>storytelling</em> transmidiático, tomando como objeto de estudo a personagem Jaina Proudmoore, integrante da franquia Warcraft, da Blizzard Entertainment — uma das mais bem-sucedidas e influentes proveniente do universo dos jogos eletrônicos. A partir de uma abordagem interdisciplinar, investiga-se de que maneira as dinâmicas de transposição narrativa e de criação de novas formas expressivas contribuem para a construção e consolidação de universos ficcionais, enriquecendo a experiência dos receptores e ampliando as possibilidades narrativas no contexto das mídias contemporâneas.</p>;29/06/2025;https://ojs.uel.br/revistas/uel/index.php/terraroxa/article/view/50644;TERRA ROXA E OUTRAS TERRAS;A1;https://ojs.uel.br/revistas/uel/index.php/terraroxa
"Machado mashup ou o hipertexto lúdico: ""O alienista caçador de mutantes""";<p>O objetivo deste artigo é refletir sobre a adaptação do conto “O alienista” (1882), de Machado de Assis, para a estética da literatura do <em>mashup</em>, tendo como principal objeto de análise a narrativa <em>O alienista caçador de mutantes</em> (2010), de Natália Klein. O <em>mashup</em> consiste, em linhas gerais, na apropriação de um texto literário clássico e canônico ao qual se inserem elementos oriundos da cultura pop e digital, resultando em um texto híbrido, em que culturas divergentes, ou assim entendidas, se entrelaçam. A apropriação do texto machadiano a partir dessa estratégia levanta questões sobre os processos de adaptação, de modo geral, bem como um debate em torno de noções importantes nesse campo de investigação, tais como originalidade e autoria. Nossa proposta de leitura considera que a adaptação de “O alienista” para a estética do <em>mashup</em> pode ser entendida como uma prática de transtextualidade do “regime lúdico do hipertexto”, conforme formulada por Gérard Genette. Também utilizaremos o conceito de “pós-produção”, de Nicolas Bourriaud, para refletir sobre os procedimentos de apropriação na cultura contemporânea.</p>;29/06/2025;https://ojs.uel.br/revistas/uel/index.php/terraroxa/article/view/51682;TERRA ROXA E OUTRAS TERRAS;A1;https://ojs.uel.br/revistas/uel/index.php/terraroxa
"O jogo eletrônico assombrado por outras mídias: estudo de caso de ""The Silver Case""";<p>O jogo eletrônico é uma mídia capaz de lançar mão de diversos recursos para apresentar sua narrativa. Por vezes, encontramos em um jogo vídeos <em>live action</em>, animações 2D, caixas de texto verbal, música, poemas visuais, distribuição de imagens como se fosse uma história em quadrinhos, entre tantas outras possibilidades. Entretanto, o uso de tais recursos não faz do jogo eletrônico uma mídia híbrida dessas outras, mas sim uma mídia própria, assombrada por possibilidades e ideias de outras mídias. O objeto de análise deste artigo, o jogo <em>The Silver Case</em>, lançado originalmente em 1999 em japonês e relançado com legendas em inglês em 2016, é exemplar no uso quase simultâneo de diversas mídias, sem deixar de ser, em momento algum, um jogo eletrônico. Em nossa análise, apontaremos de que forma esses espectros de outras mídias surgem no jogo, bem como de que forma elas são usadas. Para discutir a ideia do híbrido nos jogos, trazemos a discussão de Goodbrey e Backe, assim como argumentos de Consalvo e Bogost acerca da legitimidade nos jogos eletrônicos. Por fim, buscamos pontes com teóricos das histórias em quadrinhos, como Cirne e Groensteen, para pensar a visualidade na obra.</p>;29/06/2025;https://ojs.uel.br/revistas/uel/index.php/terraroxa/article/view/51937;TERRA ROXA E OUTRAS TERRAS;A1;https://ojs.uel.br/revistas/uel/index.php/terraroxa
Apostas esportivas e saúde mental: as alterações na Lei nº 13.756/2018 e a prevenção do jogo patológico;;27/06/2025;https://www12.senado.leg.br/ril/edicoes/62/246/ril_v62_n246_p13;REVISTA DE INFORMAÇÃO LEGISLATIVA (ONLINE);A2;https://www12.senado.leg.br/ril
Ensino e aprendizagem de Educação Ambiental;"<p>A Educação Ambiental (EA) e os diálogos sobre sociedades sustentáveis refletem questões desafiadoras no mundo e nas escolas. Diante da crise ambiental global, é necessário promover um processo educativo em favor das pautas coletivas e da preservação da vida. A escola é vista como um local promissor para desenvolver o ensino e a aprendizagem em relação às questões sociais, humanas e ambientais. Esta pesquisa de doutorado em Ensino propôs uma agenda de estudos sobre EA com professores do Ensino Fundamental, incentivando a criação e uso de jogos didáticos. O objetivo foi analisar as contribuições da participação em um itinerário de formação continuada e na criação de jogos didáticos em EA com um grupo de docentes. O estudo, qualitativo e aproximando-se da pesquisa-ação, foi realizado em 2023 em uma escola municipal de Imperatriz/MA, com 17 voluntários. Os participantes responderam a um questionário diagnóstico sobre EA e participaram de cinco encontros formativos, resultando na criação dos jogos didáticos: Melhorando o Clima; Trilha Ecológica; Combinando ODS; e Circuito da Reciclagem. Foram realizadas entrevistas semiestruturadas com os professores, sendo analisadas usando a Análise Textual Discursiva. Os professores relataram bom aproveitamento teórico e prático, destacando a importância da abordagem vivencial para a criação e uso dos jogos. A pesquisa evidenciou a fragilidade da EA na formação inicial docente e a necessidade de políticas públicas para aprimorar a EA e promover formações contextualizadas nas escolas.</p>";27/06/2025;https://periodicos.pucpr.br/dialogoeducacional/article/view/31902;REVISTA DIÁLOGO EDUCACIONAL (PUCPR. IMPRESSO);A1;https://periodicos.pucpr.br/dialogoeducacional
Teaching and Learning of Environmental Education;<p>Environmental Education (EE) has been recognized as a key component in building more sustainable societies. However, its inclusion in teacher education still faces challenges, often being limited to fragmented and sporadic approaches within the curriculum of Elementary and High school education. Addressing this gap, this article, resulting from a doctoral research in Teaching, proposed a study on EE with elementary school teachers, encouraging the creation and use of educational games. The objective was to analyze how participation in continuing education and the development of playful materials contributed to EE teaching practices. This qualitative study, with an action-research approach, was conducted in 2023 at a municipal school in Imperatriz, Maranhão, involving 17 volunteers. The research included a diagnostic questionnaire, five training sessions, and the creation of didactic games, which were later used by teachers to teach EE to students. Semi-structured interviews were conducted, and the data were analyzed using Discursive Textual Analysis. The teachers reported significant theoretical and practical learning from the training program, highlighting the importance of experiential approaches for the creation and application of educational games. The study underscores the fragility of EE in both initial and continuing teacher education and emphasizes the need for public policies that promote the systematic integration of EE into teacher training programs.</p>;27/06/2025;https://periodicos.pucpr.br/dialogoeducacional/article/view/33117;REVISTA DIÁLOGO EDUCACIONAL (PUCPR. IMPRESSO);A1;https://periodicos.pucpr.br/dialogoeducacional
Ludic-aggressive play in Early Childhood Education;"<p class=""Palavrachave""><span class=""TextRun Highlight SCXW81382637 BCX8"" lang=""EN-US"" xml:lang=""EN-US""><span class=""NormalTextRun SCXW81382637 BCX8"">This study analyses the representations of adults and children regarding ludic-aggressive play in Early Childhood Education, considering it a fundamental practice for socialization processes and the development of children’s cultures. The ethnographic research was conducted in a Municipal Early Childhood Education Center (CMEI) in Vitória, Brazil, with data generated through narratives, interviews, videos, and field diary records. Participants included two Physical Education teachers, 40 children aged 4 and 5, a secretary, a pedagogue, and the school principal. The analysis identified three main categories: (in)safety in play, perception, and recording of reality. The findings showed that the teachers’ representations reflected a culture of care, initially grounded in a traditional perspective, which gradually evolved into a more understanding and tolerant approach as they recognized the importance of play for learning and social interactions. The results highlight that, in alignment with the guiding axes of the Early Childhood Education curriculum, ludic-aggressive play fosters the development of socio-emotional skills, coexistence with differences, and expression through multiple languages. This study </span><span class=""NormalTextRun SCXW81382637 BCX8"">emphasizes the importance of valuing these practices in pedagogical planning, recognizing children’s agency and playfulness as essential elements of education.</span></span><span class=""EOP SCXW81382637 BCX8""> </span></p>";27/06/2025;https://periodicos.pucpr.br/dialogoeducacional/article/view/33102;REVISTA DIÁLOGO EDUCACIONAL (PUCPR. IMPRESSO);A1;https://periodicos.pucpr.br/dialogoeducacional
Brincadeiras lúdico-agressivas na Educação Infantil;"<div> <p class=""Palavrachave""><span lang=""PT-BR"">Este estudo analisa representações de adultos e crianças sobre brincadeiras lúdico-agressivas no cotidiano da Educação Infantil, considerando-as como práticas fundamentais para os processos de socialização e a produção de culturas infantis. A pesquisa, de caráter etnográfico, foi realizada em um Centro Municipal de Educação Infantil (CMEI) em Vitória/ES, com dados coletados por meio de narrativas, entrevistas, vídeos e registros em diário de campo. Os participantes incluíram duas professoras de Educação Física, 40 crianças de 4 e 5 anos, uma secretária, uma pedagoga e o diretor da escola. A análise revelou três categorias principais: (in)segurança na brincadeira, percepção e registro da realidade. Observou-se que as representações das professoras refletiam uma cultura de cuidado, marcada por um discurso tradicional, mas que evoluiu para uma abordagem mais compreensiva e tolerante, ao reconhecer a importância das brincadeiras para a aprendizagem e o convívio social. Os resultados destacam que, em consonância com os eixos norteadores do currículo da Educação Infantil, as brincadeiras lúdico-agressivas favorecem o desenvolvimento de competências socioemocionais, a convivência com as diferenças e a expressão por múltiplas linguagens. O estudo reforça a necessidade de valorizar essas práticas no planejamento pedagógico, reconhecendo o protagonismo infantil e a ludicidade como elementos essenciais da educação.</span></p> </div>";27/06/2025;https://periodicos.pucpr.br/dialogoeducacional/article/view/32475;REVISTA DIÁLOGO EDUCACIONAL (PUCPR. IMPRESSO);A1;https://periodicos.pucpr.br/dialogoeducacional
Children’s narratives about play in the context of transition from pre-school to the first elementary school year;"<p>It aims to examine and problematize, through children’s narratives, the transition from kindergarten to the 1st year of elementary school, where it concerns playing at school. Authors like Formosinho and Brougère were considered, and it took a qualitative-exploratory nature via narrative interviews with 13 children in the last phase of kindergarten and the 1st year of elementary school. Based on Content Analysis, the results of the Play Culture category highlighted activities with water and/or pools; Dress-up and costume games; Tag and hide-and-seek; Sandboxes and Wooden Outdoor Playground. The findings showed children’s favorite games, environments or playful media they wished were available at the schools. The study was indicative of a less stimulating structure in the elementary school facility than in the kindergarten space in the elements: available playtime, playful environments and possibilities for experiences with symbolic games or with the whole body. The authors warn about the needed consideration about childhood staying transient to the 1st year and that the transition between cycles could be more successful if that aspect is valued yet in the perspective of a understanding of learning in continuity, as opposed to a rupture between cycles.</p>";27/06/2025;https://periodicos.pucpr.br/dialogoeducacional/article/view/33104;REVISTA DIÁLOGO EDUCACIONAL (PUCPR. IMPRESSO);A1;https://periodicos.pucpr.br/dialogoeducacional
Narrativas de crianças sobre o jogo em contexto de transição da educação infantil para o 1° ano do ensino fundamental;<p>Resulta de uma pesquisa que problematiza a presença do brincar/jogo na transição da Educação Infantil para o 1° ano do Ensino Fundamental, tomando a óptica de autores da pedagogia ativa/crítica. Objetivou identificar e discutir o brincar/jogo na Educação Infantil e no 1° ano do Ensino Fundamental, a partir da perspectiva da narrativa infantil. A hipótese é de que há uma presença diminuída do jogo que começa na pré-escola e acentua-se no início do Ensino Fundamental. A pesquisa foi executada na vertente qualitativa exploratória, por meio de entrevistas semiestruturadas e teve como participantes 13 crianças da última fase da Educação Infantil e quando matriculadas no 1° ano dos anos iniciais. Com base na Análise de Conteúdo, apresentam-se resultados das categorias “Cultura Lúdica” e “Diferenças entre a Educação Infantil e o Ensino Fundamental”, que respectivamente evidenciam as brincadeiras/jogos preferidos das crianças e discutem as principais diferenças a partir do recreio, parquinho e demais espaços escolares. Conclui-se que a Educação Infantil foca na alfabetização, mas ainda apresenta o brincar/jogo em seu cotidiano, enquanto as brincadeiras no 1° ano apresentam-se mais restrito ao recreio, com relevante identificação de diferenças de tempos e espaços para o brincar/jogo entre as duas etapas.</p>;27/06/2025;https://periodicos.pucpr.br/dialogoeducacional/article/view/32507;REVISTA DIÁLOGO EDUCACIONAL (PUCPR. IMPRESSO);A1;https://periodicos.pucpr.br/dialogoeducacional
A participação das crianças na produção curricular da Educação Infantil por meio de brincadeiras e interações;<p>Este estudo tem como objetivo analisar a participação das crianças por meio das brincadeiras e interações estabelecidas entre e com elas, na produção curricular da Educação Infantil. Trata-se de uma Pesquisa-Ação Colaborativa, realizada com 50 crianças e cinco adultos (professoras e diretor). Os dados foram produzidos a partir de diário de campo, com ênfase nas enunciações das crianças, entrevistas narrativas com os adultos e fotografias. O foco da pesquisa incidiu sobre a revitalização da brinquedoteca de um Centro Municipal de Educação Infantil de Vitória/ES, em que as crianças mobilizaram táticas para ocupar e praticar esse lugar lúdico de acordo com os seus interesses e necessidades. Nesse contexto, as crianças desafiaram os adultos a subverterem a lógica escolar da previsibilidade e a discutir outras formas de educação, valorizando as suas agências e produções culturais. Esse movimento impactou na formação dos professores envolvidos, que foram desafiados a ressignificarem as suas práticas docentes, de modo a considerar as crianças como coprodutoras de currículos.</p>;27/06/2025;https://periodicos.pucpr.br/dialogoeducacional/article/view/32528;REVISTA DIÁLOGO EDUCACIONAL (PUCPR. IMPRESSO);A1;https://periodicos.pucpr.br/dialogoeducacional
Use of gamification with sustainable materials to approach the topic of Recycling;<p>This study aimed to develop and evaluate the applicability of a board game to be used as teaching material for environmental education on the topic of recycling in municipal schools in Abaetetuba, Pará. A qualitative and quantitative, descriptive and experience report type research was carried out. The study used sustainable materials from Miriti (Mauritia flexuosa), with an educational character in children from the riverside context in an elementary school in the municipality of Abaetetuba, state of Pará (PA), contemplating the theme of Environmental Education (selective garbage collection, recycling and preservation of the environment), together with the verification of its effectiveness in the educational context, as well as the environmental perception on the learning of the proposed theme in the children who were the focus of the study. There were also explanations on the Theme: Environmental Education, and some of its aspects, correlating with the playful practice and its qualities for educational effectiveness.</p>;26/06/2025;https://rsdjournal.org/index.php/rsd/article/view/49122;RESEARCH, SOCIETY AND DEVELOPMENT;C;https://rsdjournal.org/
En torno a lo sagrado y al juego en Roger Caillois;<p>Este artigo almeja proporcionar um esboço geral da obra de Caillois, através da análise de seus estudos dedicados ao sagrado e ao do jogo. De maneira preliminar, são abordadas as perspectivas de início de carreira, que tratam sobre o imaginário e as tensões internas de uma civilização. Em seguida, descrevem-se suas contribuições sobre o papel do sagrado e da festa nas sociedades arcaicas, segundo sua obra de 1939, <em>L'homme et le sacré</em>. Por fim, são examinadas as premissas que norteiam sua renomada taxonomia dos jogos (<em>Les Jeux et les Hommes</em>, 1958).</p>;24/06/2025;https://revistas.ufrj.br/index.php/alea/article/view/68374;ALEA. ESTUDOS NEOLATINOS;A1;https://revistas.ufrj.br/index.php/alea
Programa de educação nutricional via internet e o grau de processamento de alimentos de adolescentes;<p><strong><em>Objetivo</em></strong><strong>: </strong>Testar a eficácia de um programa de educação nutricional baseado na internet em adolescentes residentes em uma cidade subdesenvolvida. <strong><em>Método</em>: </strong>Foi realizado um ensaio clínico com 66 adolescentes de 14 a 19 anos, estudantes de uma escola pública federal (removido para cegamento), submetidos a um programa de educação nutricional baseado na internet. As atividades ocorreram a cada 15 dias durante 12 semanas, com foco em incentivar a redução do consumo de alimentos processados/ultraprocessados e o aumento do consumo de alimentos <em>in natura</em>/minimamente processados. As atividades incluíram o envio de mensagens instantâneas e a aplicação de jogos de perguntas e respostas. <strong><em>Resultados</em>: </strong>Houve uma redução no consumo total de energia, mas sem redução no consumo de alimentos processados e ultraprocessados. Adolescentes das classes econômicas mais baixas aumentaram o consumo de alimentos<em> in natura</em> e minimamente processados. As meninas reduziram, enquanto os meninos aumentaram o consumo de alimentos ultraprocessados. <strong><em>Conclusões</em></strong>: O programa de educação nutricional baseado na internet foi eficaz em reduzir o consumo total de energia, mas não especificamente o consumo de alimentos processados e ultraprocessados. Registrado no registro Brasileiro de Ensaios Clínicos (REBEC: RBR-9crqgt).</p>;24/06/2025;https://www.e-publicacoes.uerj.br/demetra/article/view/81264;DEMETRA: ALIMENTAÇÃO, NUTRIÇÃO & SAÚDE;B2;https://www.e-publicacoes.uerj.br/demetra
Interpretando o TikTok: limiar crítico entre o canto das sereias e a obsolescência da escola;<p>Este ensaio discute o impacto das tecnologias digitais nas sociedades contemporâneas, focando na transmissão algorítmica da cultura e sua capacidade de modelar a cognição. O TikTok é analisado como uma expressão de cultura imagética, destacando seu papel como sucessor de tecnologias como televisores e videogames. A ausência de regulamentação permite uma cultura visual dinâmica e, muitas vezes, descontrolada. O ensaio aborda a necessidade de uma análise crítica do TikTok como uma mídia de cultura imagética, considerando seu impacto na produção e consumo cultural. É crucial promover uma cultura imagética saudável e enfrentar os desafios do uso responsável das tecnologias digitais. A educação tem um papel fundamental na conscientização crítica sobre os usos e consequências dessas plataformas. Famílias, escolas, sociedade e políticas públicas devem se unir para garantir um ambiente online seguro e saudável, especialmente para jovens usuários.</p>;17/06/2025;https://mestradoedoutoradoestacio.periodicoscientificos.com.br/index.php/reeduc/article/view/11398;EDUCAÇÃO E CULTURA CONTEMPORÂNEA (ONLINE);A2;https://mestradoedoutoradoestacio.periodicoscientificos.com.br/index.php/reeduc
Desenvolvimento participativo e validação do jogo “Vença o bullying”;"<p>O trabalho de prevenção à violência deve utilizar diversas estratégias metodológicas e participativas, como o uso de materiais educativos produzidos com base na realidade local. Assim, tem-se como objetivo descrever o processo de produção, avaliação e validação de jogo que aborda o tema <em>Bullying</em> na escola. Pesquisa participativa, finalizada no primeiro semestre de 2023, desenvolvida em quatro etapas: 1- Realização de oficina de criação de materiais educativos com os professores; 2- Criação de <em>storyboard</em> pelos pesquisadores; 3- Avaliação do jogo produzido pelo público-alvo e 4- Validação do jogo por juízes. A pesquisa foi aprovada pelo comitê de ética, em que participaram 15 professores que produziram o jogo “Vença o <em>Bullying</em>”. Inicialmente, os pesquisadores criaram <em>storyboard</em> provisório que, após a avaliação dos professores e alterações, materializou-se em jogo de cartas com a temática <em>bullying</em>, sendo avaliado por nove estudantes do ensino fundamental II. Para validação de conteúdo, participaram 14 juízes em saúde que emitiram ICV global de 0,91 para o jogo; sendo, o mesmo, aprovado como uma ferramenta educativa que estimula aquisição de conhecimentos e mudança de comportamento. O material produzido se compõe por um <em>flapbook</em>; 55 cartas - em que 40 são de resposta, 8 numéricas e 7 de ação; um dado, uma roleta e manual. A pretensão é contribuir para a discussão da violência escolar com adolescentes e auxiliar o trabalho de profissionais de educação e saúde para a redução de vulnerabilidades que envolvem a temática violência.</p>";13/06/2025;https://www.revistas.unijui.edu.br/index.php/contextoeducacao/article/view/16141;CONTEXTO & EDUCAÇÃO;A2;https://www.revistas.unijui.edu.br/index.php/contextoeducacao
Videogames na sala de aula;<p>A introdução de videogames na sala de aula é um desafio pendente na formação de professores. Essa necessidade, detectada e apoiada tanto por pesquisadores quanto por líderes educacionais, apoia o planejamento e o desenvolvimento de cursos especializados. Este estudo apresenta o trabalho realizado em colaboração com os Centros de Professores e Recursos da comunidade autônoma de Extremadura, Espanha, por meio do desenvolvimento e da análise do processo de implementação e desenvolvimento de 4 cursos de treinamento. Por meio de um projeto de pesquisa avaliativa mista, esse processo é avaliado, considerando o desenvolvimento desses cursos de treinamento como uma ferramenta fundamental para a adaptação curricular e a integração de videogames na sala de aula. Para chegar a conclusões a esse respeito, são examinadas as percepções e experiências de 59 professores. Os resultados nos permitem identificar os perfis mais interessados nesse tipo de treinamento, bem como as expectativas e o grau de satisfação em relação à adequação, adaptação e aplicação prática do videogame no contexto educacional da Extremadura. Dessa forma, o próprio treinamento é submetido à avaliação, o que permite identificar e expor um modelo de treinamento adaptado às necessidades e demandas do corpo docente. O processo de avaliação destaca a maior adequação do treinamento presencial em comparação com outros modelos de ensino, bem como o interesse dos professores em criar seus próprios videogames e experiências de ensino, o que contrasta em grande parte com a ausência de treinamento específico e as dificuldades encontradas ao selecionar recursos de terceiros.</p>;10/06/2025;https://periodicos.ufmg.br/index.php/textolivre/article/view/56657;TEXTO LIVRE;A1;https://periodicos.ufmg.br/index.php/textolivre
La batalla de muchos, el glamour de pocos;"<p class=""p1"">Este artículo debate las formas, los usos y los medios por los cuales los jugadores brasileños de Free Fire piensan y juegan mediante sus smartphones. Basado en una etnografía realizada entre 2020 y 2023 en nueve ciudades de Brasil, se discuten las interacciones espaciales, materiales y corporales-tecnológicas que apoyan la experiencia competitiva de aquellos que juegan bajo otras estructuras de saber-poder. Al escuchar historias subalternas contadas por diez jugadores de diferentes contextos y regiones de Brasil, la descripción densa de las intervenciones puestas en práctica durante sus intentos de profesionalización amplía las complejidades sobre los videojuegos, los esports y la forma en que se juegan en dispositivos móviles.</p>";10/06/2025;http://revistascientificas.filo.uba.ar/index.php/CAS/article/view/15494;CUADERNOS DE ANTROPOLOGÍA SOCIAL (IMPRESA);A1;http://revistascientificas.filo.uba.ar/index.php/CAS/index
Proposta de técnica para segmentação com base em histograma para imagens de diferentes resoluções adquiridas com Kinect;"<p><span style=""font-weight: 400;"">O trabalho apresenta uma forma alternativa na comunicação entre pessoas que só conseguem se comunicar pela linguagem brasileiras de sinais (LIBRAS) e pessoas que não tem domínio da língua. A maneira escolhida para facilitar esta comunicação é com a utilização do sensor Kinect (usado em vídeo game Xbox 360 e One) que dispõem de tecnologias de captura de imagens em RGB e imagens em profundidade. Estas facilitam o processamento em software como Matlab. No trabalho são apresentadas técnicas de aquisição, segregação e extração de informações das imagens além de sua aplicação em conjunto de atores com idades, sexo, tonalidade da pele e estaturas diferentes. Em diversos trabalhos são apresentadas técnicas de segmentação usando as imagens de profundidade. No sensor Kinect 360 isso é relativamente simples de realizar, já o sensor Kinect One apresenta dificuldades na aplicação, devido a diferença nas resoluções. Nosso trabalho trás uma abordagem que resolve de forma satisfatória este problema. Este trabalho também apresenta uma análise bibliográfica das publicações mais utilizadas. Ele auxilia pesquisadores iniciantes com as técnicas e os comandos utilizados no Matlab. </span></p>";09/06/2025;https://periodicos.udesc.br/index.php/arteinclusao/article/view/17751;REVISTA EDUCAÇÃO, ARTES E INCLUSÃO;B1;https://periodicos.udesc.br/index.php/arteinclusao
DECIFRA-ME OU TE DEVORO;<p>Esta pesquisa tem como finalidade apresentar duas proposições de trabalho escolar para o jogo eletrônico “Discovery Tour: Egito”. Elas são pertinentes tanto para alunos do Fundamental II quanto para alunos do Ensino Médio do componente curricular “História”, disciplina das Ciências Humanas. Para chegar às propostas, lançou-se mão daquilo que Aarseth chama de a melhor forma de adquirir conhecimento sobre um jogo: jogá-lo. Os resultados destacam que há chances de êxito em tornar significativas as aprendizagens advindas da interação com o game quando o estudante/jogador faz registros em um diário de bordo eletrônico do conhecimento obtido e o compartilha com seus pares, desencadeando discussões que poderão enriquecer seus conhecimentos e experiências com os conteúdos em questão.</p>;06/06/2025;https://revistas.ufg.br/revistaufg/article/view/80307;REVISTA UFG (ONLINE);B1;https://revistas.ufg.br/revistaufg
DESVENDANDO TENDÊNCIAS E PERSPECTIVAS NA PESQUISA SOBRE INOVAÇÃO, EMPREENDEDORISMO E JOGOS NA EDUCAÇÃO: UMA ANÁLISE BIBLIOMÉTRICA E SISTEMÁTICA DA LITERATURA;<p>Este estudo busca desvendar as dimensões de pesquisa que envolvem os temas de Inovação, Empreendedorismo e Jogos, construindo um <em>framework</em> abrangente que oriente o processo de ensino-aprendizagem em um contexto educacional que integre essas temáticas. A originalidade deste trabalho está em apresentar um <em>framework</em> com cinco dimensões de pesquisa sobre Inovação, Empreendedorismo e Jogos ainda não identificadas na literatura, fornecendo uma base sólida para pesquisadores, educadores e formuladores de políticas públicas educacionais. Para isso, foi realizada uma análise bibliométrica de 350 documentos e uma Revisão Sistemática da Literatura (RSL) de nove artigos, destacando as publicações por ano, por área temática e a rede de ocorrência de termos emergentes que englobam os temas de Inovação, Empreendedorismo e Jogos. Observou-se um crescimento exponencial nas publicações sobre esses temas nos últimos cinco anos. Os termos emergentes identificados na literatura incluem: <em>Entrepreneurship Education</em>, <em>Sustainable Development</em>, <em>Ecosystems</em>, <em>Gamification</em>, <em>Artificial Intelligence</em> e <em>Game-based Learning</em>. O <em>framework</em> desenvolvido oferece uma visão holística dos processos envolvidos no ensino-aprendizagem, o que pode, por sua vez, inspirar novas abordagens teóricas que considerem as interações entre inovação, empreendedorismo e o uso de jogos como ferramentas pedagógicas. Este estudo fornece uma direção clara para políticas educacionais voltadas à formação de indivíduos mais preparados para enfrentar os desafios do mundo contemporâneo. Por fim, os resultados permitem que gestores educacionais implementem programas de treinamento voltados ao desenvolvimento de habilidades interdisciplinares entre os docentes.</p>;04/06/2025;https://periodicos.feevale.br/seer/index.php/revistagestaoedesenvolvimento/article/view/4032;GESTÃO E DESENVOLVIMENTO (ONLINE);B1;https://periodicos.feevale.br/seer/index.php/revistagestaoedesenvolvimento/index
JOGOS DE TABULEIRO MODERNOS COMO FERRAMENTA DE SOCIALIZAÇÃO E DESENVOLVIMENTO DE HABILIDADES: RELATO DE EXPERIÊNCIA DE UM PROJETO DE EXTENSÃO;<p>O presente relato de experiência resulta do projeto de extensão “Jogos de Tabuleiro Modernos como Ferramenta de Socialização e Aprendizagem”, realizado entre agosto de 2023 e novembro de 2024. O projeto teve como propósito criar um ambiente lúdico e educativo, no qual os participantes pudessem desenvolver habilidades cognitivas, emocionais e sociais enquanto interagiam, aprendiam e se divertiam com diferentes modalidades de jogos analógicos. Compreendemos que os jogos de tabuleiro modernos no ambiente universitário favorecem a socialização entre os indivíduos e contribuem para o desenvolvimento de competências essenciais à vida acadêmica. Assim, este relato tem como objetivo apresentar o percurso do projeto e, principalmente, os resultados alcançados ao longo de sua execução, evidenciando sua relevância para o desenvolvimento social e cognitivo dos participantes, bem como os desdobramentos para futuras etapas da iniciativa.</p>;03/06/2025;https://www.seer.ufal.br/index.php/extensaoemdebate/article/view/19488;REVISTA EXTENSÃO EM DEBATE;B1;https://www.seer.ufal.br/index.php/extensaoemdebate
EXTENSÃO NO CURRÍCULO DE CIÊNCIAS SOCIAIS: A CONSTRUÇÃO PARTICIPATIVA DE UM PROJETO DE CINECLUBE NAS ESCOLAS;"<p><span style=""font-weight: 400;"">Este artigo relata a experiência de implementação do projeto-piloto Cine Sociais, desenvolvido no âmbito da disciplina Práticas de Extensão em Ciências Sociais II da Universidade Federal de Alagoas (Ufal). O cineclube integrou cinema e política em torno do objetivo de estimular o senso crítico, a consciência político-social e ampliar o conhecimento e o repertório cinematográfico de estudantes do ensino médio a partir da exibição e da análise fílmica, precedidas da realização de uma oficina de cinema. Na oficina, a metodologia empregada incluiu a prática do diálogo e da argumentação, por meio de um grande jogo no qual, em equipes, os estudantes exercitam a construção de sinopses de filmes. Numa segunda etapa, eles assistiram e foram orientados na análise do filme “A Mulher Rei”,</span> <span style=""font-weight: 400;"">um épico histórico dirigido por Gina Prince-Bythewood, bem avaliado pela crítica, embora com restrições da comunidade afrodescendente pela imprecisão histórica, evidenciada no debate. Executado na Escola Estadual Geraldo Melo Santos, o projeto se mostrou eficaz no engajamento dos alunos e no fomento da discussão sobre temas como resistência ao colonialismo, identidade cultural e protagonismo feminino. Os resultados também apontam para um ganho significativo na formação dos futuros cientistas sociais, que se exercitam na prática pedagógica dialógica e estimuladora da autonomia, da liberdade e no ensino-aprendizado de um público instigante, os adolescentes. Além disso, o Cine Sociais evidenciou o potencial do cinema como ferramenta educativa para conectar teoria e prática, na extensão acadêmica, que extrapola os muros da universidade.</span></p>";03/06/2025;https://www.seer.ufal.br/index.php/extensaoemdebate/article/view/19440;REVISTA EXTENSÃO EM DEBATE;B1;https://www.seer.ufal.br/index.php/extensaoemdebate
EXPLORANDO ALAGOAS: ATIVIDADES EXTENSIONISTAS PARA PROMOVER UMA AVENTURA IMERSIVA DE RPG E CULTURA LOCAL;"<p><span style=""font-weight: 400;"">O projeto Explorando Alagoas: uma aventura imersiva de RPG para promover a cultura local é uma iniciativa de extensão vinculada ao Programa Vivências Artísticas da Universidade Federal de Alagoas (UFAL). Seu objetivo é desenvolver um jogo que valorize o patrimônio cultural de Alagoas, ao mesmo tempo em que conscientiza sobre o consumo sustentável de recursos não renováveis. Para ampliar seu impacto, foram organizadas ações de extensão durante a Semana de Extensão e Cultura da UFAL (SEMAEXC, 2024), promovendo o projeto e envolvendo o público na temática proposta. Este artigo discute o processo de concepção da ideia, suas justificativas, o planejamento das ações de extensão e os resultados alcançados.</span></p>";03/06/2025;https://www.seer.ufal.br/index.php/extensaoemdebate/article/view/19438;REVISTA EXTENSÃO EM DEBATE;B1;https://www.seer.ufal.br/index.php/extensaoemdebate
